/ersatzteile-verschleissteile/abgasanlage;Abgasanlage;False
/ersatzteile-verschleissteile/achsaufhaengung;Achsaufhängung;False
/ersatzteile-verschleissteile/anhaengerkupplung;Anhängerkupplung;False
/ersatzteile-verschleissteile-2;Antrieb;False
/batterien-ladegeraete-wandler;Batterien;False
/ersatzteile-verschleissteile/bremsanlage;Bremsanlage;False
/ersatzteile-verschleissteile/elektrik;Elektrik;False
/ersatzteile-verschleissteile/filter;Filter;False
/ersatzteile-verschleissteile/getriebe;Getriebe;False
/ersatzteile-verschleissteile/heizung;Heizung;False
/ersatzteile-verschleissteile/informationssysteme;Informationssysteme;False
/ersatzteile-verschleissteile/innenausstattung;Innenausstattung;False
/ersatzteile-verschleissteile/karosserie;Karosserie;False
/ersatzteile-verschleissteile/klimaanlage;Klimaanlage;False
/ersatzteile-verschleissteile/komfortsysteme;Komfortsysteme;False
/ersatzteile-verschleissteile/kraftstoffaufbereitung;Kraftstoffaufbereitung;False
/ersatzteile-verschleissteile/kraftstofffoerderanlage;Kraftstoffförderanlage;False
/ersatzteile-verschleissteile/kuehlung;Kühlung;False
/ersatzteile-verschleissteile/kupplung;Kupplung;False
/ersatzteile-verschleissteile/lenkung;Lenkung;False
/gluehlampen-leuchtmittel;Leuchtmittel;False
/ersatzteile-verschleissteile/motor;Motor;False
/additive-oele-schmierung;Öle;False
/pflegemittel-wartungsmittel;Pflegemittel;False
/reifen-felgen-komplettraeder;Reifen & Felgen;False
/ersatzteile-verschleissteile/riementrieb;Riementrieb;False
/saisonartikel-frostschutz;Saisonartikel;False
/ersatzteile-verschleissteile/scheibenreinigung;Scheibenreinigung;False
/ersatzteile-verschleissteile/scheinwerferreinigung;Scheinwerferreinigung;False
/ersatzteile-verschleissteile/schliessanlage;Schließanlage;False
/ersatzteile-verschleissteile/stossdaempfer;Stoßdämpfer;False
/dachboxen-und-traegersysteme;Trägersysteme;False
/werkzeug-werkstatt;Werkzeug;False
/zubehoer-pannenhilfe;Zubehör;False
/ersatzteile-verschleissteile/zuend-gluehanlage;Zünd-/Glühanlage;False
